<?xml version="1.0" encoding="UTF-8"?>
<!DOCTYPE configuration
PUBLIC "-//mybatis.org//DTD Config 3.0//EN"
"http://mybatis.org/dtd/mybatis-3-config.dtd">
<configuration>
	<!-- DB 테이블과 컬럼들을 mapper에 매핑하기 위한 변수 선언 -->
	<properties>
		<!-- house_member table 변수 설정 -->
		<property name="member" value="member" />
		<property name="memNo" value="memNo" />
		<property name="memId" value="memId" />
		<property name="password" value="password" />
		<property name="memName" value="memName" />
		<property name="email" value="email" />
		<property name="houseCount" value="houseCount" />
		<property name="phone" value="phone" />
		<property name="gender" value="gender" />
		<property name="phoneReleaseToHost" value="phoneReleaseToHost" />
		
		
		<!-- house table 변수 설정 -->
		<!-- 시퀸스 -->
		<property name="housePk" value="HOUSE_PK"/>
		<property name="house" value="house"/>
		<property name="houseNo" value="houseNo"/>
		<property name="type" value="type"/>
		<property name="scope" value="scope"/>
		<property name="maxCapacity" value="maxCapacity"/>
		<property name="bedroom" value="bedroom"/>
		<property name="bed" value="bed"/>
		<property name="bathroom" value="bathroom"/>
		<property name="utilities" value="utilities"/>
		<property name="spaces" value="spaces"/>
		<property name="title" value="title"/>
		<property name="info" value="info"/>
		<property name="rules" value="rules"/>
		<property name="checkinTime" value="checkinTime"/>
		<property name="checkoutTime" value="checkoutTime"/>
		<property name="stayNight" value="stayNight"/>
		<property name="stayDay" value="stayDay"/>
		<property name="bookableDateBegin" value="bookableDateBegin"/>
		<property name="bookableDateEnd" value="bookableDateEnd"/>
		<property name="price" value="price"/>
		<property name="memNo" value="Memno"/>
		<property name="replies" value="replies"/>
		<property name="image" value="image"/>
		<property name="score" value="score"/>
		<property name="checkinInterval" value="checkinInterval"/>
		<property name="location" value="location"/>
		<property name="reportCount" value="reportCount"/>
		<property name="hostId" value="hostId"/>
		<property name="wgsX" value="wgsX"/>
		<property name="wgsY" value="wgsY"/>
		<property name="local" value="local"/>




		<!-- 리플 테이블 파라미터 설정 -->
		<property name="reply" value="reply" />
		<property name="rno" value="rno" />
		<property name="houseNo" value="houseNo" />
		<property name="reply" value="reply" />
		<property name="content" value="content" />
		<property name="reply" value="reply" />
		<property name="memId" value="memId" />
		<property name="regdate" value="regdate" />
		<property name="replyScore" value="replyScore" />
		<property name="regdate" value="regdate" />
		<property name="cleanScore" value="cleanScore" />
		<property name="checkinScore" value="checkinScore" />
		
		<!-- report 테이블 파라미터 설정 -->
		<property name="report" value="report" />
		<property name="reportNo" value="reportNo" />
		<property name="reportMemNo" value="reportMemNo" />
		<property name="reportHouseNo" value="reportHouseNo" />
		<property name="reason" value="reason" />
		<property name="reportedHostNo" value="reportedHostNo" />
		<property name="reportHostId" value="reportHostId" />
		
		
		<!-- book 테이블 설정 -->
		<property name="book" value="book" />
		<property name="bookNo" value="bookno" />
		<property name="bookMemNo" value="bookMemNo" />
		<property name="bookHouseNo" value="bookHouseNo" />
		<property name="checkin" value="checkin" />
		<property name="checkout" value="checkout" />
		<property name="hostCheck" value="hostCheck" />
		<property name="bookMem" value="bookMem" />
		<property name="totalPrice" value="totalPrice" />
		<property name="bookHostId" value="bookHostId" />
		<property name="bookGuestId" value="bookGuestId" />
		<property name="bookHostPhone" value="bookHostPhone" />
		<property name="bookGuestPhone" value="bookGuestPhone" />


	</properties>



	<typeAliases>
		<package name="edu.spring.homeshare.domain" />
	</typeAliases>
</configuration>



























